Users,Tracks
shay,Who You Are
sKelter pLus,do you remember?
xio,2008 Highway Silver
DONTSH9,dont call my phone prodmuelsa
이낙원,verb + gaze
Fotos Fear,05 Daylight Disk.mp3
DBA,Sinkorswim
Dat Throwdest Ghost,Running from Your Past
S I N H,i was never myself
Dan Morrissey,Dan Morrissey - Eminence
Taylor Delong,what glorious scenes mine eyes behold
Angelo Nero,Nero & Kain - Calling Your Name [xmichaelwarren]
aine,until dawn
"Delaney, Brian/T",Rumours (Brian/T)
sighr,these eyes
LonelyXagiin,once again
Gragas,such a bad nightmare
Dean Walcott,Outer Realm
Stupid Lucifer,(instrumental) subtle ways to say i love you
Bucketman,The Bucket Blues
Mike Amerika,Flows Down the Stream
Boonstunes,In Dreams_Mix 1.wav
anangelwithnosoul,self inflicted
Basic Needs,circles
